公司全名,公司简称,公司规模,融资阶段,区域,职位名称,工作经验,学历要求,工资,职位福利
深圳市紫川软件有限公司,紫川软件,500-2000人,不需要融资,福田区,数据分析师,3-5年,本科,9k-14k,周末双休 五险一金 员工旅游
深圳市曾点信息技术培训有限公司,曾点,150-500人,不需要融资,南山区,数据分析,1-3年,本科,7k-9k,"大平台,高效率,弹性工作,氛围好"
上海海万信息科技股份有限公司,江苏亿科达,500-2000人,不需要融资,福田区,数据分析师,3-5年,本科,10k-15k,"年终奖,双休,过节费,旅游"
深圳一叶知秋网络科技有限公司,一叶知秋,150-500人,D轮及以上,龙岗区,数据分析师,不限,本科,6k-12k,"有好奇心,对数据敏感,沟通强,思维强"
试金石信用服务有限公司,试金石信用,50-150人,不需要融资,南山区,数据分析师,3-5年,本科,15k-30k,行业前景好、大牛团队
深圳赫美智慧科技有限公司,赫美智科,500-2000人,B轮,福田区,数据分析师,不限,本科,6k-8k,互联网金融 上市公司 加班少 晋升空间
深圳市启明星电子商务有限公司,启明星,150-500人,B轮,南山区,MSSQ010-数据分析师,1-3年,本科,8k-15k,平台好 氛围佳 上升空间大 福利待遇优
深圳市小牛在线互联网信息咨询有限公司,小牛在线,150-500人,不需要融资,南山区,数据分析师,3-5年,本科,15k-25k,"公司发展好,部门成长性,领导好,氛围好"
北京高域海汇科技有限公司,高域海汇,50-150人,不需要融资,南山区,数据分析师,3-5年,本科,15k-30k,"年底双薪,弹性制办公,带薪年假"
北京通力互联技术服务有限公司,通力互联,2000人以上,不需要融资,南山区,数据分析岗,1-3年,本科,7k-9k,"五险一金,带薪年假,节假日福利,周末双休"
深圳白骑士大数据有限公司,深圳白骑士大数据有限公司,50-150人,A轮,南山区,数据分析师,3-5年,本科,15k-30k,"平台大,创新型,有挑战"
维沃移动通信有限公司,vivo,2000人以上,未融资,福田区,数据分析师,3-5年,本科,15k-25k,"团队有激情,工作有挑战,付出有回报,能留住人才"
深圳中业兴融互联网金融服务有限公司,深圳中业兴融,500-2000人,A轮,南山区,数据分析,1-3年,本科,5k-10k,"综合型集团,低调有实力,年轻又耐撕"
乐格商业咨询（深圳）有限公司,乐格信息,150-500人,A轮,福田区,数据分析师,1年以下,大专,3k-5k,"五险一金,带薪年假,欢迎应届生,周末双休"
深圳市恒信永利金融服务有限公司,恒信永利,2000人以上,不需要融资,南山区,数据分析师,3-5年,不限,15k-25k,"可发挥空间,团队优秀,技术前沿"
上海海万信息科技股份有限公司,江苏亿科达,500-2000人,不需要融资,福田区,数据分析,3-5年,大专,10k-20k,"旅游,年终奖,过节费,环境好"
深圳市环球易购电子商务有限公司,环球易购,2000人以上,上市公司,南山区,数据分析师,不限,本科,5k-8k,上市公司 福利待遇优厚
神策网络科技（北京）有限公司,神策数据,150-500人,C轮,南山区,数据分析师-深圳,3-5年,本科,10k-20k,五险一金
深圳前海用友力合金融服务有限公司,友金所,500-2000人,不需要融资,南山区,数据分析岗,应届毕业生,本科,5k-9k,"平台大,福利好,开放氛围,领导好"
北京通力互联技术服务有限公司,通力互联,2000人以上,不需要融资,南山区,数据分析,1-3年,本科,7k-14k,"周末双休,免费班车,免费早餐,绩效奖"
深圳市启明星电子商务有限公司,启明星,150-500人,B轮,南山区,MSSQ010-数据分析师,1-3年,本科,8k-15k,平台好 氛围佳 上升空间大 福利待遇优
深圳市和讯华谷信息技术有限公司,极光,500-2000人,D轮及以上,南山区,极光调研 - 数据分析师,1-3年,本科,10k-20k,"业界第一,14薪+,牛逼团队,D轮+"
深圳虾皮信息科技有限公司,Shopee,2000人以上,上市公司,南山区,数据分析师/高级数据分析师,5-10年,本科,25k-50k,"新加坡公司,东南亚市场,15天年假,大牛多"
深圳市明源云客电子商务有限公司,明源云,2000人以上,上市公司,南山区,数据分析师,3-5年,本科,18k-30k,扁平管理，创新氛围，牛人大咖多
中腾信金融信息服务（上海）有限公司,中腾信,2000人以上,不需要融资,南山区,数据分析,1-3年,本科,9k-15k,人才培养计
深圳市探娱互动科学文化有限公司,探娱互动科学@移动游戏发行,50-150人,C轮,南山区,数据分析师（985优先/强逻辑）,不限,本科,7k-14k,"除了努力和,奋斗还可以,加班加薪"
深圳前海达飞金融服务有限公司,即有分期,2000人以上,C轮,福田区,数据分析师/数据分析专员,1-3年,本科,8k-15k,福利好 氛围好 发展前景广阔
招联消费金融有限公司,招联金融,500-2000人,不需要融资,南山区,数据分析工程师,3-5年,本科,18k-28k,初创公司，朝阳行业，广阔的发展空间
宇星科技发展（深圳）有限公司,宇星科技,500-2000人,不需要融资,南山区,大数据分析师,5-10年,硕士,20K-30K,年中大假及旅游、年度体检、五险一金
任子行网络技术股份有限公司,任子行,500-2000人,上市公司,南山区,数据分析师-00657,不限,本科,5k-10k,出差海外
北京通力互联技术服务有限公司,通力互联,2000人以上,不需要融资,南山区,数据分析师,1-3年,本科,10k-15k,"五险一金,带薪年假,年终奖,年底双薪"
武汉佰钧成技术有限责任公司,武汉佰钧成技术有限公司,2000人以上,不需要融资,龙岗区,数据分析师-深圳-02522,3-5年,本科,8k-16k,"五险一金,商业保险,聚餐聚会,节日礼品"
乐格商业咨询（深圳）有限公司,乐格信息,150-500人,A轮,福田区,数据分析&amp;pa,1-3年,大专,6k-7k,"周末双休,五险一金,带薪年假,对话ceo"
北京字节跳动科技有限公司,字节跳动,2000人以上,C轮,南山区,数据分析师,1-3年,本科,8k-12k,六险一金，餐补，带薪休假，扁平管理，过亿用户，职业大牛，晋升空间
海南新浪爱问普惠科技有限公司,海南新浪爱问普惠科技有限公司,50-150人,未融资,南山区,数据分析师,3-5年,本科,15k-20k,"年终奖,餐补,员工旅游,年度体检"
深圳市编玩边学教育科技有限公司,编玩边学,50-150人,B轮,南山区,数据分析师,1-3年,本科,10k-20k,"零食健身,五险一金,周末双休,氛围好"
沃尔玛（中国）投资有限公司,Walmart China,2000人以上,上市公司,福田区,数据分析-BI,3-5年,本科,10k-20k,大牛
深圳市盖威科技有限公司,盖威,150-500人,不需要融资,南山区,数据分析师,3-5年,本科,13k-18k,福利待遇好
华润置地有限公司,华润置地,2000人以上,上市公司,南山区,数据分析师,5-10年,本科,20k-30k,"公司平台好,发展空间大,五险一金,午餐补助"
厦门多快好省网络科技有限公司,多快好省,50-150人,不需要融资,南山区,数据分析员,1-3年,本科,8k-15k,"薪酬福利好,平台背景强,成长空间大,团队氛围好"
深圳天天看看信息技术有限公司,天天看看,150-500人,不需要融资,南山区,数据分析工程师,3-5年,本科,15k-30k,"老大请吃饭,有下午茶哦,学习机会多"
深圳云天励飞技术有限公司,云天励飞,150-500人,A轮,福田区,大数据数据开发工程师/大数据数据分析师,3-5年,本科,15k-30k,"技术大牛,独角兽,成长快,气氛融洽"
岩心科技（深圳）有限公司,AKULAKU,150-500人,B轮,南山区,数据分析师,1-3年,本科,10k-20k,"项目前景好,成长空间大,团队牛人多,期权激励"
深圳赫美智慧科技有限公司,赫美智科,500-2000人,B轮,福田区,数据分析主任,1-3年,本科,10k-15k,互联网金融 上市公司 加班少晋升空间
百融金融信息服务股份有限公司,百融金服,500-2000人,B轮,南山区,数据分析师,1-3年,本科,10k-20k,"五险一金,商业保险,弹性工作,福利补贴"
深圳市博悦科创科技有限公司,博悦科创,500-2000人,不需要融资,福田区,急聘数据分析,1-3年,本科,10k-19k,福利待遇好，发展空间大
深圳市玄关健康科技有限公司,玄关健康,150-500人,不需要融资,南山区,数据分析师,5-10年,本科,20k-30k,"大数据,大平台,健康产业,共同敲钟"
深圳市中安信业创业投资有限公司,中安信业,2000人以上,不需要融资,福田区,数据分析师（大数据部）,3-5年,本科,10k-20k,公司平台大
深圳市名瑞德国际金融服务有限公司,深圳市名瑞德国际金融服务有限公司,50-150人,上市公司,福田区,数据分析专员/助理,不限,大专,8k-10k,"福利待遇好,年底双薪,周末双休,晋升空间大"
深圳市和讯华谷信息技术有限公司,极光,500-2000人,D轮及以上,南山区,数据分析（深圳）,1-3年,本科,10k-20k,"D轮+,14薪+,攻城狮氛围,弹性工作"
深圳云天励飞技术有限公司,云天励飞,150-500人,A轮,福田区,数据分析工程师,3-5年,本科,15k-30k,"核心技术部,核心团队,发展平台好,公司福利好"
凤金普惠信息咨询（深圳）有限公司,凤金普惠,150-500人,不需要融资,南山区,数据分析岗,3-5年,本科,15k-30k,"年终奖,平台大,福利好,假期多"
深圳白骑士大数据有限公司,深圳白骑士大数据有限公司,50-150人,A轮,南山区,数据分析实习生,应届毕业生,本科,4k-6k,"转正机会,发展空间大,领导好"
深圳数位传媒科技有限公司,数位科技,50-150人,B轮,南山区,数据分析师,5-10年,本科,20k-30k,"14薪起,股票期权,大牛团队,技术氛围好"
中信银行股份有限公司信用卡中心,中信银行信用卡中心,2000人以上,上市公司,福田区,数据分析,1-3年,本科,15k-30k,金融行业 大数据分析 数据挖掘
深圳市人人聚财金融信息服务有限公司,人人聚财,2000人以上,A轮,南山区,数据分析师-科技赋能部,1-3年,本科,10k-15k,"奖金丰富,晋升空间大,向产品发展"
深圳赫美智慧科技有限公司,赫美智科,500-2000人,B轮,福田区,中级数据分析师,不限,本科,7k-10k,互联网金融 上市公司 加班少 晋升空间
浙江土拨鼠网络科技有限公司,土拨鼠,150-500人,A轮,宝安区,数据分析师,1年以下,大专,6k-10k,"地铁口便捷,发展空间大,重视程度高"
深圳前海用友力合金融服务有限公司,友金所,500-2000人,不需要融资,南山区,数据分析实习生,应届毕业生,本科,3k-5k,行业领先的薪酬+节日福利+有留用机会
深圳虾皮信息科技有限公司,Shopee,2000人以上,上市公司,南山区,数据分析专家,5-10年,本科,30k-50k,"新加坡公司,东南亚电商,15天年假,大牛多"
深圳市博悦科创科技有限公司,博悦科创,500-2000人,不需要融资,福田区,数据分析,1-3年,本科,6k-12k,福利好，项目佳，有发展空间
深圳市中安信业创业投资有限公司,中安信业,2000人以上,不需要融资,福田区,数据分析师,1-3年,本科,10k-20k,"福利待遇优,公司稳健,晋升宽广"
深圳爱问科技股份有限公司,爱问科技,50-150人,不需要融资,南山区,数据分析助理,1-3年,大专,8k-10k,数据分析
深圳前海联动云汽车租赁有限公司,前海联动云,2000人以上,不需要融资,罗湖区,数据分析专员,1-3年,本科,6k-10k,"共享项目,氛围良好,发展空间好"
深圳虾皮信息科技有限公司,Shopee,2000人以上,上市公司,南山区,高级数据分析师,5-10年,本科,30k-50k,"新加坡公司,东南亚电商,15天年假,大牛多"
深圳前海融金所互联网金融服务有限公司,融金所,150-500人,未融资,福田区,数据分析师,1-3年,本科,8k-14k,"绩效奖金,员工旅游,五险一金,年底奖金"
深圳市赢众通金融信息服务有限责任公司,小赢科技,500-2000人,B轮,南山区,数据分析专家,3-5年,本科,20k-25k,五险一金、定期体检、绩效奖金、午餐补助
深圳全棉时代科技有限公司,全棉时代,500-2000人,A轮,龙华区,数据分析专员,1-3年,本科,5k-8k,"发展前景好,晋升空间大,工作氛围好,公司福利好"
厦门美图之家科技有限公司,美图公司,2000人以上,上市公司,南山区,数据分析师,1-3年,本科,10k-20k,"上市公司,福利多多,弹性上班"
深圳市名瑞德国际金融服务有限公司,深圳市名瑞德国际金融服务有限公司,50-150人,上市公司,福田区,数据分析专员/金融助理,不限,大专,6k-8k,"免费培训,晋升空间大,外出旅游,周末双休"
深圳白骑士大数据有限公司,深圳白骑士大数据有限公司,50-150人,A轮,南山区,数据分析总监,5-10年,硕士,38k-65k,"平台好,创新型,发展迅速,股权期权"
北京通力互联技术服务有限公司,通力互联,2000人以上,不需要融资,南山区,助理数据分析师-高科技事业部,1-3年,本科,6k-8k,"周末双休,免费早晚餐,福利齐全,美女如云"
深圳市盛世黄金股份有限公司,买金呗,150-500人,未融资,福田区,数据分析师,1-3年,大专,10k-15k,福利好
深圳市勒朗国际贸易有限公司,勒朗国际,15-50人,不需要融资,龙华新区,数据分析师,3-5年,本科,7k-12k,"电商,奢侈品,五险一金,定期旅游"
北京京东世纪贸易有限公司,京东集团,2000人以上,上市公司,宝安区,数据分析岗,3-5年,本科,14k-24k,电商平台
深圳全棉时代科技有限公司,全棉时代,500-2000人,A轮,龙华新区,数据分析师（官网）,3-5年,本科,10k-18k,"精英团队,千万级用户,高并发系统,福利待"
深圳市和讯华谷信息技术有限公司,极光,500-2000人,D轮及以上,南山区,极光调研 - 高级数据分析师,3-5年,本科,20k-30k,"业界第一,14薪+,牛逼团队,D轮+"
马上消费金融股份有限公司,马上金融,2000人以上,不需要融资,福田区,中级数据分析师,3-5年,本科,15k-20k,"消费金融,持牌机构,待遇丰厚,晋升空间"
深圳花旦传媒有限公司,花旦传媒有限公司,50-150人,不需要融资,南山区,数据分析师,3-5年,本科,15k-25k,美女多 福利好 弹性工作 发展空间大
深圳市人人聚财金融信息服务有限公司,人人聚财,2000人以上,A轮,南山区,数据分析师-科技赋能部,3-5年,本科,10k-20k,"五险一金,绩效奖金,节日福利,员工旅游"
武汉民投金融服务有限公司,民投金服,150-500人,不需要融资,南山区,数据分析师,3-5年,本科,10k-18k,"薪酬高,福利好,氛围好,前景好"
深圳市完鼎智能科技有限公司,玩积分,15-50人,A轮,南山区,数据分析,应届毕业生,大专,6k-8k,"免费班车,免费早餐"
深圳市数聚能源科技有限公司,数聚能源科技,50-150人,天使轮,罗湖区,数据分析师,1-3年,硕士,12K-20K,有建模高手、股票期权、不打卡、领导nice!
武汉佰钧成技术有限责任公司,武汉佰钧成技术有限公司,2000人以上,不需要融资,龙岗区,数据分析师-深圳-02522,3-5年,本科,6k-12k,平台好，学习空间大
深圳森香科技有限公司,森香,15-50人,不需要融资,南山区,数据分析,不限,本科,4k-6k,"扁平管理,五险一金,公司福利好,员工旅游"
北京思恩客广告有限公司,蓝色光标SNK,150-500人,上市公司,南山区,数据分析经理,3-5年,大专,9k-13k,"4A公司,平台好,晋升快"
神策网络科技（北京）有限公司,神策数据,150-500人,C轮,南山区,数据分析师-校招（深圳）,应届毕业生,本科,8k-15k,"大数据,技术大牛"
深圳利民网金融信息服务有限公司,利民网,150-500人,A轮,南山区,数据分析师,3-5年,本科,8k-15k,优秀团队管理 福利待遇好
厦门吉比特网络技术股份有限公司,吉比特,150-500人,上市公司,南山区,数据分析经理/主管,3-5年,本科,20k-30k,"上市公司,平台大,福利好,发展空间大"
深圳沈鼓测控技术有限公司,沈鼓,50-150人,不需要融资,南山区,数据分析工程师,1-3年,大专,4k-6k,"开发,尊重,创新,提升"
北京思恩客广告有限公司,蓝色光标SNK,150-500人,上市公司,南山区,数据分析师/高级数据分析师,1-3年,本科,6k-8k,平台好
深圳宜聚互联网金融服务有限公司,深圳宜聚网,2000人以上,不需要融资,福田区,数据分析专员,1-3年,本科,7k-12k,"晋升平台广,工作氛围好,办公环境好"
中电科新型智慧城市研究院有限公司,中电科智慧院,150-500人,不需要融资,福田区,数据分析工程师,3-5年,本科,15k-20k,"国企,智慧城市,周末双休,薪资福利好"
深圳旗鱼移动科技有限公司,旗鱼移动科技,50-150人,未融资,南山区,数据分析师,1-3年,大专,10k-15k,五险一金
深圳市云之讯网络技术有限公司,云之讯,150-500人,B轮,南山区,高级数据分析师 (MJ000849),3-5年,不限,18k-30k,"B轮3亿,公司平台大,项目前景好,成长空间大"
深圳积木易搭科技技术有限公司,积木易搭,50-150人,天使轮,南山区,数据分析师,1-3年,大专,10k-15k,"福利好,五险一金,双休,发展好"
深圳市房多多网络科技有限公司,房多多,2000人以上,C轮,南山区,数据分析工程师/高级工程师,不限,本科,13k-26k,"学习机会多,发展空间大,领导好,平台大"
深圳市创梦天地科技有限公司,乐逗游戏,500-2000人,上市公司,南山区,数据分析专家,5-10年,本科,60k-100k,"福利好,待遇优厚"
深圳市康哲药业有限公司,康哲药业,2000人以上,上市公司,南山区,数据分析师,3-5年,本科,10k-15k,弹性工作制
深圳市递四方信息科技有限公司,4PX,500-2000人,D轮及以上,宝安区,数据分析,不限,大专,4k-7k,培训 晋升 平台大
北京希为科技有限公司,希为科技,15-50人,不需要融资,福田区,数据分析师,3-5年,本科,15k-25k,"技术领先,14薪,六险一金,团队优秀"
深圳荷包金融信息咨询有限公司,荷包金融,150-500人,不需要融资,南山区,数据分析师,3-5年,本科,10k-20k,自由舒心的工作氛围 丰厚到尖叫的年终奖
深圳市华成峰科技有限公司,华成峰集团,500-2000人,不需要融资,南山区,数据分析师,1-3年,大专,10k-15k,"五险一金,年终奖,部门经费,领导亲和"
深圳达飞金融控股有限公司,达飞金控,2000人以上,不需要融资,罗湖区,数据分析师（呼叫中心）,1-3年,本科,7k-14k,五险一金，绩效奖金，员工活动
深圳市招银前海金融资产交易中心有限公司,招银前海金融,50-150人,不需要融资,南山区,大数据分析师,不限,硕士,15k-30k,招商系，较好的薪酬福利和发展空间
任子行网络技术股份有限公司,任子行,500-2000人,上市公司,南山区,数据分析负责人,5-10年,本科,15k-25k,"国际平台,丰厚奖金,股权激励"
深圳达飞金融控股有限公司,达飞金控,2000人以上,不需要融资,罗湖区,数据分析师,3-5年,本科,8k-15k,"绩效奖金,五险一金,节日福利"
深圳盈富斯科技有限公司,盈富斯,150-500人,C轮,南山区,数据分析,1-3年,本科,18k-25k,"C轮融资,海归大神,下午茶"
北京通力互联技术服务有限公司,通力互联,2000人以上,不需要融资,龙岗区,数据分析工程师,3-5年,本科,13k-25k,"双休,福利健全,美女多,工资高"
深圳市一满乐科技有限公司,一满乐,15-50人,A轮,南山区,数据分析师,3-5年,本科,10k-15k,"硅谷团队,一线创投,前沿科技"
马上消费金融股份有限公司,马上金融,2000人以上,不需要融资,福田区,高级数据分析师,5-10年,本科,20k-25k,发展前景好&nbsp;&nbsp;&nbsp;竞争力薪资
汇金智融（北京）科技有限公司,汇金智融,150-500人,上市公司,南山区,数据分析工程师,1-3年,本科,8k-12k,"五险一金,年终奖,加班费,大平台"
合肥英才企业管理咨询有限公司,英才,50-150人,天使轮,罗湖区,数据分析师,1-3年,大专,10k-20k,"五险一金,双休,加班少,福利好"
维沃移动通信有限公司,vivo,2000人以上,未融资,福田区,大数据分析师,5-10年,本科,25k-50k,"交通便利,福利好,氛围好"
顺丰科技有限公司,顺丰科技有限公司,500-2000人,不需要融资,南山区,00578-数据分析工程师,3-5年,本科,10k-15k,核心产品
深圳开思时代科技有限公司,开思时代,150-500人,B轮,龙岗区,数据分析员,3-5年,本科,8k-12k,"绩效奖金,激励股票,年底双薪,5险一金"
深圳市中安信业创业投资有限公司,中安信业,2000人以上,不需要融资,福田区,数据分析主管,3-5年,本科,15k-30k,"平台稳健,福利待遇优,团队管理"
深圳市赢众通金融信息服务有限责任公司,小赢科技,500-2000人,B轮,南山区,高级数据分析师,3-5年,本科,20k-35k,五险一金、午餐补助、舒适环境、弹性工作制
Oravel Stays Singapore PTE. LTD.,OYO,50-150人,不需要融资,南山区,数据分析师-中心运营,1-3年,本科,8k-16k,"牛人多,氛围棒,福利好"
广州市启畅金属制品有限公司,广州市启畅金属制品有限公司,150-500人,不需要融资,龙岗区,数据分析经理,5-10年,本科,15k-30k,"平台大,发展快,薪资高,双休"
深圳达飞金融控股有限公司,达飞金控,2000人以上,不需要融资,福田区,数据分析工程师,3-5年,本科,20k-40k,BAT团队、氛围好、技术牛
北京思恩客广告有限公司,蓝色光标SNK,150-500人,上市公司,南山区,数据分析专员,不限,本科,5k-8k,"4A公司,平台大,晋升快"
深圳市浩森小额贷款股份有限公司,浩森时贷,150-500人,未融资,宝安区,数据分析专员,1-3年,本科,5k-9k,"地铁周边,办公环境好,公司氛围好,带薪年假"
深圳华云信息系统有限公司,华云信息,50-150人,不需要融资,南山区,数据分析,3-5年,大专,15k-25k,"周末双休,五险一金"
深圳虾皮信息科技有限公司,Shopee,2000人以上,上市公司,南山区,数据分析师（成本或定价方向）,5-10年,硕士,15k-30k,"新加坡公司,东南亚电商,15天年假,大牛多"
梦网荣信科技集团股份有限公司,梦网荣信科技集团,500-2000人,上市公司,南山区,数据分析师,1-3年,本科,10k-20k,"福利好,平台大"
上海微创软件股份有限公司北京分公司,微创,2000人以上,上市公司,南山区,助理数据分析师,1-3年,大专,5k-7k,"双休,六险一金,免费早餐,免费班车"
深圳世联行地产顾问股份有限公司,世联行,2000人以上,上市公司,罗湖区,数据分析员,1-3年,本科,5k-7k,公司平台大，发展前景好
深圳市和讯华谷信息技术有限公司,极光,500-2000人,D轮及以上,南山区,高级数据分析师（深圳）,3-5年,本科,15k-25k,"D轮+,14薪+,攻城狮氛围,弹性工作"
深圳市牛鼎丰科技有限公司,牛鼎丰科技,150-500人,不需要融资,南山区,资深数据分析师,5-10年,硕士,15k-30k,"弹性工作,大数据平台,精英团队"
维沃移动通信有限公司,vivo,2000人以上,未融资,福田区,资深数据分析师,5-10年,本科,15k-25k,"团队有激情,工作有挑战,付出有回报,能留住人才"
深圳市泽宝电子商务股份有限公司,Sunvalley,500-2000人,D轮及以上,龙岗区,数据分析师,3-5年,本科,15k-30k,老板nice 工作环境佳 HR贤良淑德
深圳市大头兄弟文化传播有限公司,逗拍,15-50人,A轮,宝安区,数据分析师,不限,本科,15k-30k,"年底双薪,年终奖,出国旅游,其他福利"
深圳市前海美联科技有限公司,美联英语在线VIP,2000人以上,B轮,龙岗区,数据分析师,3-5年,本科,10k-15k,"五险一金,弹性工作,提供住宿,交通补贴"
北京字节跳动科技有限公司,字节跳动,2000人以上,C轮,宝安区,数据分析师-faceu,3-5年,本科,15k-30k,扁平管理，晋升空间，团队氛围好，五险一金
富途网络科技（深圳）有限公司,富途网络,150-500人,C轮,南山区,数据分析,1-3年,本科,12k-24k,"各种团建,工作氛围好,行业独角兽,风口项"
深圳市华商生物科技有限公司,华商生物科技,50-150人,不需要融资,南山区,数据分析专员/助理,1-3年,大专,4k-8k,"五险一金,节日福利,晋升空间,扁平管理"
深圳前瞻资讯股份有限公司,前瞻网,150-500人,上市公司,福田区,数据分析员,不限,本科,5K-10K,"双休氛围好,发展空间大,薪资福利佳"
深圳市客路网络科技有限公司,KLOOK 客路旅行,150-500人,C轮,福田区,数据分析,1-3年,本科,10k-20k,国际化平台+飞速发展+技术大牛+丰厚薪资
深圳卫盈智信科技有限公司,我来贷WeLab,500-2000人,B轮,南山区,高级业务数据分析师,5-10年,本科,15k-25k,"B+轮,团队牛,培训多,假期长"
广东欧珀移动通信有限公司,OPPO,2000人以上,不需要融资,南山区,数据分析师,1-3年,本科,15k-30k,核心事业群 千万级日活 氛围好 组织扁平
五方世纪生活用品(深圳)有限公司,五方世纪,50-150人,不需要融资,福田区,数据分析员/市场策划专员,3-5年,本科,6k-8k,"宠物友好,双休,五险一金,拓展活动"
深圳市百果互动科技有限公司,百果科技,150-500人,B轮,南山区,数据分析师,不限,大专,8k-12k,"弹性工作,大数据平台,工作氛围好,福利待"
众安在线财产保险股份有限公司,众安保险,2000人以上,上市公司,南山区,数据分析工程师（深圳）,1-3年,本科,9k-16k,大平台，前景好，福利多，弹性上班
如斯（深圳）服饰有限公司,TOUCH,500-2000人,不需要融资,南山区,数据分析员,应届毕业生,大专,4k-6k,"数据分析,函数,服装鞋帽,报表"
深圳平安讯科技术有限公司,平安讯科,150-500人,A轮,南山区,数据分析师,1-3年,本科,12k-18k,"领导好,福利好,技术大牛"
上海微创软件股份有限公司北京分公司,微创,2000人以上,上市公司,南山区,小说数据分析师,1-3年,大专,6k-7k,"五险一金,免费班车,免费早餐,平安保险"
深圳开思时代科技有限公司,开思时代,150-500人,B轮,龙岗区,数据分析开发工程师/专家,5-10年,本科,20k-30k,"团队氛围好,激励期权,法定假期,节日福利"
顺丰科技有限公司,顺丰科技有限公司,500-2000人,不需要融资,南山区,数据分析工程师,1-3年,本科,18k-30k,福利佳
维沃移动通信有限公司,vivo,2000人以上,未融资,福田区,数据分析师,3-5年,本科,15k-30k,"股票期权,精英团队,弹性工作"
广州瀚信通信科技股份有限公司,广州瀚信,500-2000人,B轮,福田区,数据分析师（深圳）,1-3年,本科,9k-12k,"双休,数据分析,数据挖掘,五险一金"
深圳市言信文化传媒有限公司,言信文化,15-50人,不需要融资,福田区,数据分析,不限,大专,4k-6k,"晋升空间大,五险一金,五天七小时,国内外游"
深圳派鲜科技有限公司,派鲜,150-500人,B轮,南山区,数据分析,1-3年,本科,9k-13k,"优秀团队,五险一金,免费班车,周末双休"
万科物业发展有限公司,万科物业,2000人以上,不需要融资,福田区,高级数据分析师,3-5年,本科,15k-25k,"弹性工作,团队好"
维沃移动通信有限公司,vivo,2000人以上,未融资,福田区,资深大数据分析师,5-10年,本科,15k-25k,"团队有激情,工作有挑战,付出有回报,能留住人才"
深圳市招银前海金融资产交易中心有限公司,招银前海金融,50-150人,不需要融资,南山区,大数据分析师（数据仓库方向）,3-5年,本科,15k-30k,"餐费补助,交通补助,通讯补贴,招商系"
深圳前海联易融金融服务有限公司,联易融linklogis,150-500人,B轮,南山区,数据分析实习（可转正）,应届毕业生,硕士,3k-4k,"学习机会多,成长空间大,福利多多"
深圳依时货拉拉科技有限公司,货拉拉手机打车软件,500-2000人,C轮,福田区,数据分析组长J10846,5-10年,本科,15k-30k,"数据,互联网"
优车库网络科技发展（深圳）有限公司,优车库,50-150人,A轮,福田区,数据分析师,1-3年,本科,12k-18k,"专业交流,职位前景好,晋升空间大,领导好"
沃尔玛（中国）投资有限公司,Walmart China,2000人以上,上市公司,福田区,市场数据分析师,1-3年,本科,8k-9k,"发展平台大,数据分析,五百强企业,工作环境好"
深圳市中安信业创业投资有限公司,中安信业,2000人以上,不需要融资,福田区,数据分析师（产品部）,3-5年,本科,10k-15k,"公司平台大,福利待遇好,发展空间广,部门氛围好"
海丰县文和种养专业合作社,文和农业,15-50人,未融资,南山区,高级数据分析师,3-5年,硕士,25k-50k,"背景好,前景好,专家上司"
深圳斯达领科网络科技有限公司,斯达领科,150-500人,未融资,龙岗区,数据分析,应届毕业生,大专,4k-6k,"年度旅游,年终奖,节假日福利,活力团队"
广州市启畅金属制品有限公司,广州市启畅金属制品有限公司,150-500人,不需要融资,宝安区,高级数据分析,3-5年,本科,25k-40k,"大平台,高薪资,好氛围,双休"
深圳市前海帕拓逊网络技术有限公司,帕拓逊,500-2000人,不需要融资,龙岗区,数据分析师,不限,本科,10k-20k,"薪酬高,福利好,平台大,领导耐撕"
思迪软件科技（深圳）有限公司,SDL,500-2000人,上市公司,龙岗区,数据分析员,1-3年,本科,8k-10k,名企
深圳市辣妈帮科技有限公司,辣妈帮,500-2000人,D轮及以上,南山区,数据分析工程师,1-3年,本科,10k-15k,"成长快速,大牛团队,年终丰厚,花式福利"
腾讯科技(深圳)有限公司,腾讯,2000人以上,上市公司,南山区,mig -- 数据分析师,3-5年,本科,18k-36k,大平台
北京海伦品牌管理股份有限公司,Helens,500-2000人,不需要融资,南山区,数据分析师,1-3年,本科,20k-22k,"期权分红,十三薪,环境好,福利多"
深圳达飞金融控股有限公司,达飞金控,2000人以上,不需要融资,福田区,数据分析师\主管,1-3年,本科,10k-20k,五险一金，年终奖金，员工旅游，定期体检
沃尔玛（中国）投资有限公司,Walmart China,2000人以上,上市公司,福田区,高级数据分析经理,3-5年,本科,15k-25k,"精英团队,成长空间,薪酬福利,外企文化"
深圳市彬讯科技有限公司,土巴兔,2000人以上,C轮,南山区,数据分析师（高级）,5-10年,本科,20k-40k,"节日福利,五险一金,绩效奖金,带薪年假"
生命人寿保险股份有限公司,富德生命人寿总公司电子商务中心,2000人以上,D轮及以上,福田区,数据分析,1-3年,本科,8k-13k,"发展空间大,扁平化管理,工资福利优,氛围活跃"
深圳世联行地产顾问股份有限公司,世联行,2000人以上,上市公司,罗湖区,数据分析岗,不限,本科,5k-8k,公司平台大，发展前景好
深圳市康恩诺科技有限公司,康恩诺,2000人以上,不需要融资,福田区,资深数据分析经理,5-10年,本科,45k-90k,管理岗
厦门美图之家科技有限公司,美图公司,2000人以上,上市公司,南山区,【急招】数据分析师(实习生)-美图秀秀App,不限,本科,3k-5k,"海量用户,明星产品,大牛导师,学习空间大"
广东欧珀移动通信有限公司,OPPO,2000人以上,不需要融资,南山区,高级数据分析师,3-5年,本科,20k-40k,核心事业群 千万级日活 氛围好 组织扁平
深圳微品致远信息科技有限公司,中兴微品,150-500人,C轮,南山区,数据分析专员,1-3年,大专,8k-10k,带薪年假 定期体检 弹性工作 五险一金
深圳市联众食品有限公司,井和冷链,500-2000人,不需要融资,宝安区,数据分析实习生,不限,大专,3k-5k,"学习机会多,发展空间广"
深圳碳原子科技有限公司,SEE小电铺,50-150人,C轮,南山区,数据分析师,1-3年,本科,10k-20k,数据分析
沃尔玛（中国）投资有限公司,Walmart China,2000人以上,上市公司,福田区,高级数据分析经理-市场数据,5-10年,本科,15k-25k,精英团队
深圳市随手科技有限公司,随手科技,500-2000人,C轮,南山区,高级数据分析师,5-10年,本科,15k-30k,"准上市公司,发展空间大,平台稳定"
顺丰科技有限公司,顺丰科技有限公司,500-2000人,不需要融资,南山区,高级数据分析工程师,3-5年,本科,15k-30k,"弹性上班,餐补,五险一金,发展空间大"
深圳市天盈互动网络技术有限公司,天天盈球,50-150人,不需要融资,南山区,数据分析专员,1-3年,本科,7k-14k,"带薪年假,年度旅游,薪酬福利好"
厦门美图之家科技有限公司,美图公司,2000人以上,上市公司,南山区,数据分析师（美图秀秀）-深圳,3-5年,大专,20k-30k,海量用户，明星产品，数据驱动
深圳势必可赢科技有限公司,SpeakIn,50-150人,B轮,南山区,数据分析实习生,应届毕业生,本科,4k-6k,"技术大牛,导师教学,人工智能,弹性上班"
深圳市宏智力科技有限公司,宏智力,15-50人,A轮,南山区,数据分析员（实习生亦可）,不限,本科,5k-9k,"做五休二,带薪年假,弹性工作,年度旅游"
深圳爱拼信息科技有限公司,iPIN.com,50-150人,B轮,南山区,数据分析师,应届毕业生,硕士,10k-20k,"数据分析,数据模型"
深圳金夸克数字科技有限公司,深圳金夸克数字科技有限公司,50-150人,不需要融资,罗湖区,数据分析（统计学/经济学）,1-3年,本科,6k-8k,"带薪年假,节假日福利,周末双休,下午茶"
武汉佰钧成技术有限责任公司,武汉佰钧成技术有限公司,2000人以上,不需要融资,南山区,游戏数据分析师,1-3年,大专,7K-8K,岗位为腾讯招聘薪资:6.5k~7.5k
深圳市第一波网络科技有限公司,第一波,50-150人,不需要融资,南山区,数据分析师（游戏）,3-5年,大专,10k-20k,"一档医疗,免费下午茶,福利多多,项目、绩效"
百丽电子商务（上海）有限公司,百丽新零售,500-2000人,不需要融资,南山区,数据分析师,1-3年,本科,10k-20k,"扁平化管理,发展空间大,团队气氛好,免费健身房"
北京字节跳动科技有限公司,字节跳动,2000人以上,C轮,宝安区,高级数据分析/挖掘-faceu,不限,本科,25k-40k,免费三餐，扁平管理，晋升空间，团队氛围好
深圳市暴击互动娱乐有限公司,暴击互娱,50-150人,不需要融资,南山区,数据分析师,不限,大专,4k-6k,"五险一金,弹性工作,定期体检,员工旅游"
招商银行股份有限公司,招商银行,2000人以上,上市公司,南山区,数据分析及数据产品经理岗,1-3年,本科,15k-20k,发展空间大
深圳大宇无限科技有限公司,大宇无限,50-150人,B轮,南山区,数据分析工程师,1-3年,本科,18k-36k,"工程师文化,高期权回报,业务发展快,六险一金"
深圳市名瑞德国际金融服务有限公司,深圳市名瑞德国际金融服务有限公司,50-150人,上市公司,福田区,数据分析金融助理,不限,大专,6k-8k,"绩效奖金,带薪年假,美女多多,朝九晚五"
深圳依时货拉拉科技有限公司,货拉拉手机打车软件,500-2000人,C轮,福田区,数据分析师,3-5年,本科,11k-22k,"职位发展,晋升空间,团队氛围好"
深圳牧原数字技术有限公司,深圳牧原数字技术有限公司,2000人以上,上市公司,南山区,数据分析师,3-5年,本科,15k-30k,"上市公司,环境高大上,AI,大数据"
深圳全棉时代科技有限公司,全棉时代,500-2000人,A轮,龙华新区,数据分析专员（会员）,3-5年,本科,7k-12k,"精英团队,大数据平台,千万级用户,福利待"
深圳卫盈智信科技有限公司,我来贷WeLab,500-2000人,B轮,南山区,风险数据分析师,3-5年,本科,18k-30k,"团队牛,薪资高,假期长,培训多"
深圳中兴飞贷金融科技有限公司,飞贷金融科技,500-2000人,B轮,南山区,反欺诈数据分析师,3-5年,本科,13k-25k,"大牛带队,数据驱动"
深圳市金畅进出口有限公司,金畅进出口,150-500人,未融资,龙岗区,数据分析专员,3-5年,大专,5k-9k,"旅游聚餐,年终分红,国内外培训,生日会/茶"
深圳市随手科技有限公司,随手科技,500-2000人,C轮,,数据分析师,5-10年,本科,15k-30k,金融大数据，携2.6亿用户寻找敲钟小伙伴
亿达信息技术（深圳）有限公司,YIDATEC,2000人以上,不需要融资,南山区,数据分析文员,1-3年,大专,6k-8k,"免费班车,免费早餐,周末双休,六险一金"
广东欧珀移动通信有限公司,OPPO,2000人以上,不需要融资,南山区,高级数据分析工程师,3-5年,本科,15k-30k,核心事业群 千万级日活 氛围好 组织扁平
深圳乐信控股有限公司,乐信,2000人以上,上市公司,南山区,资产数据分析 (MJ000102),3-5年,本科,15k-22k,"美股上市,金融科技,福利多多,团队专业"
深圳市前海润杨金融服务有限公司,润杨金融,2000人以上,上市公司,南山区,数据分析员,1-3年,本科,6k-8k,"五险一金,周末双休,班车接送,腾讯团队"
深圳市万普拉斯科技有限公司,一加手机,500-2000人,未融资,福田区,电商数据分析师,1-3年,本科,10k-15k,五险一金
中腾信金融信息服务（上海）有限公司,中腾信,2000人以上,不需要融资,南山区,反欺诈数据分析师,1-3年,本科,9k-16k,"丰厚年终奖,六险一金,平台好,薪资开放"
深圳市名瑞德国际金融服务有限公司,深圳市名瑞德国际金融服务有限公司,50-150人,上市公司,福田区,金融（数据分析师）助理,不限,大专,6k-8k,"绩效奖金,带薪年假,美女多多,员工旅游"
深圳前海全民通金融资本控股集团有限公司,全民通控股,500-2000人,不需要融资,南山区,数据分析师,应届毕业生,本科,10k-15k,"五险一金,带薪年假,年终奖,年底双薪"
深圳南科大数据有限公司,南科大数据,15-50人,天使轮,福田区,数据分析师,1-3年,本科,15k-25k,"管理扁平化,老板好,办公环境好,薪酬福利好"
深圳市吾爱尚信息科技有限公司,吾爱尚信息,15-50人,天使轮,龙岗区,数据分析-运营,1-3年,大专,5k-10k,"弹性工作制,定期旅游,3A写字楼,发展空间大"
深圳库尚信息技术有限公司,shein,2000人以上,B轮,南山区,数据分析师,1-3年,大专,10k-20k,"五险一金,加班餐补,下午茶,个人晋升"
深圳市万合乾德科技发展有限公司,万合乾德,15-50人,A轮,南山区,数据分析员/数据统计员/项目专员,1-3年,本科,5k-10k,"晋升大,腾讯众创,平台广,福利好"
顺丰科技有限公司,顺丰科技有限公司,500-2000人,不需要融资,南山区,数据分析工程师,3-5年,本科,20k-35k,"五险一金,弹性工作,各种补贴,年底奖金"
深圳市传奇金融服务有限公司,传奇金融,50-150人,天使轮,福田区,数据分析专员,3-5年,本科,10k-15k,"五险一金,双休,节日福利,体检"
厦门吉比特网络技术股份有限公司,吉比特,150-500人,上市公司,南山区,广告数据分析师,1-3年,本科,15k-20k,"上市公司,平台大,福利好,发展空间大"
深圳市墨瞳网络科技有限公司,墨瞳网络,15-50人,天使轮,南山区,高级数据分析师,1-3年,本科,10k-20k,"高薪,双休,五险一金"
满金坝(深圳)科技有限公司,满金坝,150-500人,不需要融资,福田区,数据分析专员（电商方向）,1-3年,大专,8k-10k,"年终分红,年度加薪,福利待遇好,发展空间"
深圳市珍爱网信息技术有限公司,珍爱网,2000人以上,不需要融资,南山区,数据分析师（2018春季校园招聘）,应届毕业生,本科,8k-15k,"导师制,团队氛围棒,项目前景好"
中腾信金融信息服务（上海）有限公司,中腾信,2000人以上,不需要融资,南山区,互联网金融数据分析师,3-5年,本科,12k-18k,"年终奖,六险一金,平台大,五天7小时"
深圳依时货拉拉科技有限公司,货拉拉手机打车软件,500-2000人,C轮,福田区,技术副总监（数据分析方向）J10758,5-10年,本科,30k-50k,"下午茶,年终奖,旅游,六险一金"
深圳链家房地产经纪有限公司,深圳链家房地产经纪有限公司,2000人以上,不需要融资,福田区,数据分析主管,1-3年,本科,10k-16k,"周末双休,年度双薪,绩效奖金,晋升机会多"
腾讯科技(深圳)有限公司,腾讯,2000人以上,上市公司,南山区,数据分析专员,1-3年,本科,10k-16k,"大公司平台,好学习发展,海量数据,全面福利"
马上消费金融股份有限公司,马上金融,2000人以上,不需要融资,福田区,Risk-反欺诈数据分析师,不限,本科,12k-24k,大型持牌互联网消费金融、五险一金、14薪
南方基金管理有限公司,南方基金,150-500人,不需要融资,福田区,数据分析工程师,1-3年,本科,15k-30k,"数据分析,数据挖掘,薪酬待遇优,金融行业"
平安科技（深圳）有限公司,平安科技,2000人以上,不需要融资,福田区,数据分析师（数据仓库）（深圳）,不限,本科,15k-20k,公司发展前景好，福利待遇好
史蒂夫软件（深圳）有限公司,史蒂夫软件,150-500人,不需要融资,南山区,游戏数据分析师,3-5年,本科,20k-30k,"薪资诱惑,培训机制,发展平台大,成熟产品"
百度在线网络技术（北京）有限公司,百度,2000人以上,不需要融资,南山区,数据挖掘/数据分析工程师,3-5年,本科,20k-40k,"大平台,海景办公楼,狼性团队,成长空间大"
深圳市小牛普惠投资管理有限公司,小牛普惠,2000人以上,未融资,福田区,数据分析高级主管,3-5年,本科,14k-17k,"年终奖,免费班车,互联网金融"
厦门美图之家科技有限公司,美图公司,2000人以上,上市公司,南山区,资深数据分析师（美图秀秀）-深圳,3-5年,本科,20k-35k,"海量用户,明星产品,团队氛围好,火箭式成长"
深圳市名瑞德国际金融服务有限公司,深圳市名瑞德国际金融服务有限公司,50-150人,上市公司,福田区,金融数据分析师交易员,不限,不限,8k-15k,"周末双休,弹性工作,绩效奖金,聚会旅游"
中腾信金融信息服务（上海）有限公司,中腾信,2000人以上,不需要融资,南山区,消费金融数据分析师,1-3年,本科,8k-13k,"大平台,奖金丰厚"
深圳回收宝科技有限公司,回收宝,150-500人,B轮,南山区,产品经理（数据分析）,3-5年,本科,15k-30k,大牛云集
广丰集团有限公司,广丰集团,150-500人,不需要融资,南山区,高级数据分析师,3-5年,本科,25k-35k,"弹性工作制,大牛云集"
深圳橙心网络科技有限公司,橙心网络,50-150人,未融资,龙岗区,市场数据分析师,不限,大专,5k-9k,"提供住宿,晋升机制,免费下午茶,节日福利"
深圳视界信息技术有限公司,八爪鱼,50-150人,B轮,南山区,产品经理（数据分析）,3-5年,本科,15k-30k,"周末双休,五险一金,大数据,NLP"
深圳市珍爱网信息技术有限公司,珍爱网,2000人以上,不需要融资,南山区,高级数据分析师（平台技术部）,3-5年,本科,15k-25k,"项目前景好,团队氛围棒"
腾讯科技(深圳)有限公司,腾讯,2000人以上,上市公司,南山区,SNG16-数据分析工程师（深圳）,不限,硕士,20k-40k,"鹅厂福利,发展平台,免费班车"
深圳米筐科技有限公司,米筐 (Ricequant),50-150人,A轮,南山区,高级量化研究员 行业研究 数据分析,不限,本科,8k-16k,"超长年假,美女如云,成长空间,扁平组织"
鑫诚达资产管理（北京）有限公司,鑫诚达资产,500-2000人,不需要融资,南山区,数据分析工程师（紧急）,3-5年,本科,12k-24k,"领导好,环境高档,不加班,人性化"
维沃移动通信有限公司,vivo,2000人以上,未融资,福田区,高级数据分析工程师,3-5年,本科,20k-40k,"股票期权,年终奖,发展空间,平台好"
深圳市随手科技有限公司,随手科技,500-2000人,C轮,南山区,高级数据分析师（App方向）,5-10年,本科,15k-25k,"六险一金,弹性工作时,周末双休,晋升调薪"
深圳市名瑞德国际金融服务有限公司,深圳市名瑞德国际金融服务有限公司,50-150人,上市公司,福田区,金融外汇数据分析师,不限,大专,6k-8k,"绩效奖金,带薪年假,弹性工作,美女多多"
深圳世联行地产顾问股份有限公司,世联行,2000人以上,上市公司,罗湖区,地产数据分析专员,3-5年,本科,7k-14k,上市公司大平台，工作氛围好，发展前景好
深圳前海鹏元数据技术有限公司,鹏元数据技术,15-50人,天使轮,福田区,金融数据分析师,3-5年,本科,10k-20k,"债券分析,数据分析,行业研究"
深圳市丰宜科技有限公司,顺丰-丰e足食,2000人以上,上市公司,南山区,数据分析专员,3-5年,本科,12k-18k,"发展空间大,公司规模大"
深圳安信小额贷款有限责任公司,安信小额,150-500人,不需要融资,福田区,数据分析专员,不限,本科,5k-8k,"福利好,氛围好"
厦门吉比特网络技术股份有限公司,吉比特,150-500人,上市公司,南山区,数据分析师（游戏）,3-5年,本科,10k-15k,"上市公司,薪资福利好,海量数据,成长空间大"
深圳银盛金融集团有限公司,银盛金融,500-2000人,不需要融资,龙华新区,库存数据分析员,1-3年,本科,6k-12k,"五险一金,带薪年假,节日福利,绩效奖金"
深圳市前海云集品电子商务有限公司,前海云集品,150-500人,未融资,福田区,市场数据分析师,1-3年,大专,8k-10k,"五险一金,带薪年假,节日福利,周末双休"
深圳市彬讯科技有限公司,土巴兔,2000人以上,C轮,南山区,商业数据分析师,5-10年,本科,20k-40k,"节日福利,六险一金,绩效奖金,带薪年假"
亿达信息技术（深圳）有限公司,YIDATEC,2000人以上,不需要融资,南山区,数据分析产品经理,1-3年,本科,6k-7k,"免费班车,免费早餐,六险一金,绩效+津贴"
腾讯科技(深圳)有限公司,腾讯,2000人以上,上市公司,南山区,MIG03-高级数据分析师（深圳）,3-5年,本科,20k-40k,"大平台,大空间,AI"
维沃移动通信有限公司,vivo,2000人以上,未融资,福田区,数据分析助理工程师,1年以下,本科,4k-6k,"大平台,发展前景好,领导耐撕,团队大牛多"
深圳依时货拉拉科技有限公司,货拉拉手机打车软件,500-2000人,C轮,福田区,培训数据分析专家(J11050),1-3年,大专,6k-9k,"周末双休,绩效奖金,带薪年假"
深圳市小窝金融信息服务有限公司,小窝金服,150-500人,A轮,南山区,数据分析建模经理,3-5年,本科,20k-30k,"消费金融,家装分期贷,平台空间大,行业前景好"
广发证券股份有限公司,广发证券,2000人以上,上市公司,南山区,高级数据分析师,3-5年,硕士,25k-45k,"季度奖,年终奖,环境好,牛人多"
武汉佰钧成技术有限责任公司,武汉佰钧成技术有限公司,2000人以上,不需要融资,南山区,游戏数据分析 【深圳】,3-5年,大专,7k-8k,"腾讯平台,六险一金,十三薪,免费班车"
深圳卫盈智信科技有限公司,我来贷WeLab,500-2000人,B轮,南山区,BI数据分析师,5-10年,本科,15k-28k,"B轮独角兽,团队牛,薪资高,假期长"
中腾信金融信息服务（上海）有限公司,中腾信,2000人以上,不需要融资,南山区,数据分析师（贷中与数据决策方向）,1-3年,本科,8k-16k,"互联网金融,大平台,奖金丰厚"
深圳市随手科技有限公司,随手科技,500-2000人,C轮,南山区,数据分析师（贷款方向）,3-5年,本科,13k-25k,"互联网金融,平台好,发展空间大,氛围好"
仙人掌人工智能实验室（深圳）有限公司,仙人掌人工智能实验室,150-500人,未融资,龙岗区,数据分析师（基金业务方向）,3-5年,本科,15k-30k,"高薪,办公环境,福利,上班弹性"
深圳索信达数据技术股份有限公司,索信达,150-500人,上市公司,罗湖区,数据分析师/数据挖掘师（高级）,3-5年,本科,15k-30k,"专业培训,六险一金,年终奖金,定期检查"
茂业数智联合信息技术（深圳）有限公司,茂业数字,50-150人,未融资,罗湖区,数据分析主管（PowerBI）,3-5年,本科,9K-15K,集团科技公司，平台稳健，制度规范
凤金普惠信息咨询（深圳）有限公司,凤金普惠,150-500人,不需要融资,南山区,渠道质量分析岗（数据分析）,1-3年,本科,8k-16k,"福利好,平台大,薪资高,假期多"
彩讯科技股份有限公司,彩讯科技,500-2000人,不需要融资,福田区,高级业务数据分析师,1-3年,本科,10k-15k,五险一金 地铁周边
深圳思萨科技股份有限公司,思萨股份,150-500人,上市公司,福田区,数据分析专员（电商方向）,1-3年,大专,7k-10k,"成长快,发展空间大"
腾讯科技(深圳)有限公司,腾讯,2000人以上,上市公司,南山区,数据分析开发工程师（深圳）,3-5年,本科,15k-30k,公司平台大，福利待遇好
深圳市随手科技有限公司,随手科技,500-2000人,C轮,南山区,中级数据分析师（App方向）,3-5年,本科,10k-20k,"六险一金,弹性工作时,周末双休,晋升调休"
深圳市人人聚财金融信息服务有限公司,人人聚财,2000人以上,A轮,南山区,风险管理（高级）数据分析师-风险管理部,3-5年,本科,10k-20k,"数据分析,风险管理"
中腾信金融信息服务（上海）有限公司,中腾信,2000人以上,不需要融资,南山区,企划主管（数据分析，业务分析）,3-5年,本科,8k-16k,"空间大,团队氛围好"
深圳冰川网络股份有限公司,冰川网络,500-2000人,上市公司,南山区,游戏数据分析师,1-3年,本科,10k-20k,"空间大,领导nic,项目奖金"
武汉佰钧成技术有限责任公司,武汉佰钧成技术有限公司,2000人以上,不需要融资,南山区,微信游戏数据分析员,1-3年,大专,6k-8k,"双休,六险一金,年底双薪"
平安科技（深圳）有限公司,平安科技,2000人以上,不需要融资,福田区,数据分析专员（深圳）,不限,本科,10k-15k,世界500强 带薪年假 节日福利 绩效丰厚
广东欧珀移动通信有限公司,OPPO,2000人以上,不需要融资,南山区,高级游戏数据分析师,3-5年,本科,15k-30k,亿级用户，大平台，给力薪酬
深圳前海联动云汽车租赁有限公司,前海联动云,2000人以上,不需要融资,罗湖区,风控数据分析师,1-3年,本科,7k-14k,"共享汽车,汽车出行,汽车金融,以租代购"
北京思恩客广告有限公司,蓝色光标SNK,150-500人,上市公司,南山区,数据分析师（数学相关专业应届）,应届毕业生,本科,5k-7k,大平台
深圳市思迪信息技术股份有限公司,思迪股份,500-2000人,B轮,南山区,数据分析师（机器学习）,1-3年,本科,10k-20k,"六险一金,弹性上班"
深圳金夸克数字科技有限公司,深圳金夸克数字科技有限公司,50-150人,不需要融资,罗湖区,数据分析（区块链/数字货币）,1-3年,本科,6k-8k,"带薪年假,节假日福利,周末双休,下午茶"
上海一米投资管理有限公司,易付税,150-500人,A轮,南山区,数据分析师（大数据风控）,3-5年,本科,15k-30k,"国资平台,银行高管,扁平管理,年终奖金"
招商证券股份有限公司,招商证券信息技术中心,2000人以上,上市公司,南山区,数据分析中级经理,1-3年,本科,20k-35k,"金融,科技"
深圳市国智互联网科技有限公司,国智科技,50-150人,不需要融资,南山区,风控数据分析师,3-5年,本科,15k-25k,"风控数据,数据分析师"
腾讯科技(深圳)有限公司,腾讯,2000人以上,上市公司,南山区,MIG13-大数据分析师（深圳）,3-5年,本科,18k-36k,"大平台,大咖多,福利好"
深圳市随手科技有限公司,随手科技,500-2000人,C轮,南山区,高级数据分析师（集团战略方向）,3-5年,本科,15k-25k,"互联网金融,金融大数据,发展空间大,氛围好"
深圳市爱智慧科技有限公司,爱智慧科技,15-50人,天使轮,龙岗区,财经数据分析助理,应届毕业生,本科,3k-5k,"扁平管理,办公零食"
深圳航路信息服务有限公司,航路,50-150人,A轮,南山区,互联网数据分析师,1-3年,本科,8k-16k,"领导好,美女多,氛围好,弹性工作制"
深圳前海用友力合金融服务有限公司,友金所,500-2000人,不需要融资,南山区,数据分析（风控方向）,1-3年,本科,8k-15k,公司发展前景好+薪酬福利优
平安科技（深圳）有限公司,平安科技,2000人以上,不需要融资,福田区,经营分析岗（经营数据分析方向）（深圳）,不限,本科,10k-15k,500强，福利待遇
环球资源广告（深圳）有限公司,环球资源,2000人以上,上市公司,福田区,Business Analyst(商业数据分析员）,1-3年,本科,5k-10k,"大平台,福利完善,发展空间大"
深圳市大疆创新科技有限公司,DJI大疆创新,2000人以上,未融资,南山区,飞行数据分析高级专员/专员,1-3年,本科,8k-13k,"飞行数据,无人机,大疆"
深圳云天励飞技术有限公司,云天励飞,150-500人,A轮,福田区,数据分析挖掘服务架构师/开发总监,5-10年,本科,25k-50k,"六险一金,技术大牛,优秀团队,节日福利"
深圳橙心网络科技有限公司,橙心网络,50-150人,未融资,龙岗区,市场数据分析师实习生,应届毕业生,大专,4k-8k,"节日福利,提供住宿,师傅带新人,园林式办公"
深圳前海融金所互联网金融服务有限公司,融金所,150-500人,未融资,福田区,运营数据分析,3-5年,本科,10k-20k,"周末双休,五险一金,绩效奖金,员工俱乐部"
深圳市环球易购电子商务有限公司,环球易购,2000人以上,上市公司,南山区,运营数据分析专家,5-10年,本科,30k-35k,大平台
招商银行股份有限公司,招商银行,2000人以上,上市公司,南山区,风险数据分析岗,3-5年,本科,15k-20k,发展空间大
天道计然（北京）信息科技有限责任公司,美利金融,2000人以上,A轮,南山区,委外催收管理调查员（数据分析）,1-3年,本科,10k-15k,"六险一金,年终奖金,固定体检,带薪年假"
中腾信金融信息服务（上海）有限公司,中腾信,2000人以上,不需要融资,南山区,风险数据分析师（互联网金融）,1-3年,本科,8k-15k,"互联网金融,大平台,奖金丰厚"
腾讯科技(深圳)有限公司,腾讯,2000人以上,上市公司,南山区,腾讯（深圳）大数据-数据挖掘、数据分析工程师,1-3年,硕士,20k-40k,"战略方向,大数据营销,智慧零售"
深圳市随手科技有限公司,随手科技,500-2000人,C轮,南山区,高级风险数据分析师,5-10年,本科,15k-30k,"节日福利多,涨薪快,晋升空间大,平台大"
广东腾南网络信息科技有限公司,腾讯•大粤网,150-500人,未融资,南山区,数据分析师（政务项目）,1-3年,本科,8k-16k,"团队氛围,发展空间,互联网+"
招商银行股份有限公司,招商银行,2000人以上,上市公司,福田区,数据分析岗（公司金融）,应届毕业生,本科,15k-20k,"发展空间大,岗位晋升"
中腾信金融信息服务（上海）有限公司,中腾信,2000人以上,不需要融资,南山区,数据分析师（风险控制方向）,1-3年,本科,8k-15k,"大平台,奖金丰厚"
深圳善为投资有限公司,善为影业,50-150人,上市公司,福田区,商业数据分析师（行业分析方向）,3-5年,本科,8k-15k,"领导好,成长快,团队氛围好,双休"
上海微创软件股份有限公司北京分公司,微创,2000人以上,上市公司,南山区,微信游戏数据分析（外派到腾讯工作）,3-5年,大专,7k-9k,"双休,六险一金,免费班车,平台好"
中国平安财产保险股份有限公司,平安产险,2000人以上,上市公司,福田区,客户数据分析岗,3-5年,本科,15k-30k,"大公司,福利好,晋升空间大"
上海海万信息科技股份有限公司,江苏亿科达,500-2000人,不需要融资,福田区,Python 数据分析,3-5年,大专,13k-25k,"最先进的技,大项目,交通便利,环境好"
深圳市买买提信息科技有限公司,买买提信息科技,150-500人,不需要融资,福田区,风控数据分析师,5-10年,本科,8k-10k,"氛围好,环境佳,福利好,上升空间大"
深圳达飞金融控股有限公司,达飞金控,2000人以上,不需要融资,南山区,风控数据分析师,1-3年,本科,13k-25k,"海景办公,节日福利"
深圳市泽林信息咨询有限公司,泽林信息,500-2000人,不需要融资,南山区,python数据分析,1-3年,本科,15k-30k,"全方位发展,为人师表"
深圳花样年投资咨询有限公司,花样年金融,150-500人,不需要融资,南山区,运营数据分析师,3-5年,本科,15k-20k,"五险一金,带薪年假,年度旅游,年度体检"
深圳市海云天科技股份有限公司,海云天科技,500-2000人,上市公司,南山区,数据分析工程师（互联网+教育）,3-5年,本科,8k-15k,上市公司 大平台 大发展 高福利
广州御银科技股份有限公司,御银科技,500-2000人,上市公司,福田区,数据分析工程师（大数据分析挖掘方向）,1-3年,本科,10k-13k,"周末双休,五险一金,年度体检,年度旅游"
腾讯科技(深圳)有限公司,腾讯,2000人以上,上市公司,南山区,20718-数据分析工程师（深圳）,3-5年,本科,18k-36k,"大空间,大平台"
深圳市随手科技有限公司,随手科技,500-2000人,C轮,南山区,数据分析师（金融业务）,1-3年,本科,8k-15k,"平台稳定,发展空间大,福利多"
深圳市网心科技有限公司,网心科技,150-500人,未融资,南山区,数据分析工程师（Hadoop ）,3-5年,本科,16k-32k,"大牛团队,扁平化,成长空间大"
深圳刷宝科技有限公司,深圳刷宝科技有限公司,150-500人,B轮,南山区,风控数据分析师(高级),5-10年,本科,20k-25k,"薪酬高,国际化,氛围好,业界专家带"
北京斗米优聘科技发展有限公司,斗米,500-2000人,B轮,南山区,数据分析专员（运营专员）,1-3年,大专,5k-8k,"高薪互联网,弹性工作,扁平管理,晋升空间大"
深圳旺金金融信息服务有限公司,投哪网,2000人以上,C轮,福田区,运营数据分析师,1-3年,本科,8k-15k,"万人企业,TOP2,上市前"
深圳市卓励科技有限公司,卓励科技,15-50人,未融资,南山区,运营总监（数据分析向）,5-10年,本科,30k-45k,文化开放
深圳市尚游网络科技有限公司,尚游游戏,150-500人,不需要融资,南山区,游戏运营（数据分析方向）,3-5年,本科,10k-20k,平台靠谱，十年积累，OV渠道资源
深圳市游科互动科技有限公司,游戏科学,15-50人,A轮,南山区,游戏运营（数据分析方向）,1-3年,本科,8k-15k,"知名产品,年终奖金,弹性工作,扁平管理"
深圳市创客工场科技有限公司,Makeblock,150-500人,B轮,南山区,运营管理专员（数据分析）,不限,本科,7k-10k,"创客文化,扁平架构,三餐免费,年轻活力"
深圳市金证科技股份有限公司,金证股份,2000人以上,上市公司,南山区,ETL BI Developer 数据分析师,3-5年,本科,12k-20k,"五险一金,带薪年假"
深圳花样年投资咨询有限公司,花样年金融,150-500人,不需要融资,南山区,风控模型数据分析师,1-3年,本科,15k-25k,"平台大,发展快,老板好"
中腾信金融信息服务（上海）有限公司,中腾信,2000人以上,不需要融资,南山区,数据分析师（信贷政策方向）,3-5年,本科,12k-22k,"补充医疗,丰厚年终奖,绩效奖金,定期体检"
北京艾科创意信息技术有限公司,活动行,50-150人,A轮,福田区,Java高级数据分析工程师,3-5年,本科,15k-30k,"五险一金,年终奖,全勤奖,环境好"
昆仑山矿泉水有限公司,昆仑山矿泉水,500-2000人,不需要融资,南山区,销售助理（数据分析）,1-3年,大专,6k-8k,"周末双休,六险一金,带薪年假,知名企业"
腾讯科技(深圳)有限公司,腾讯,2000人以上,上市公司,南山区,数据分析与挖掘工程师（深圳）,3-5年,本科,18k-30k,"腾讯工作,环境一流,大牛带领,温馨文化"
深圳市随手科技有限公司,随手科技,500-2000人,C轮,南山区,数据分析师（风控方向）,3-5年,本科,10k-20k,"互联网金融,金融大数据,发展空间大,氛围好"
北京斗米优聘科技发展有限公司,斗米,500-2000人,B轮,南山区,大区运营专员（数据分析师）,1-3年,本科,5k-9k,"知名互联网,扁平化管理,晋升空间大,弹性上班"
深圳刷宝科技有限公司,深圳刷宝科技有限公司,150-500人,B轮,南山区,风控数据分析师,3-5年,本科,10k-20k,"交通便利,五险一金,团队好"
深圳金达数据科技有限公司,深圳金达数据科技有限公司,150-500人,不需要融资,福田区,数据分析师（商城运营）,3-5年,大专,8k-15k,数据分析
招银网络科技（深圳）有限公司,招银网络科技,2000人以上,不需要融资,南山区,大数据分析工程师,3-5年,本科,15k-25k,大数据分析工程师
富途网络科技（深圳）有限公司,富途网络,150-500人,C轮,南山区,美股数据分析师,3-5年,本科,8k-15k,"腾讯系团队,六险一金,节假日福利,扁平管理"
鸿富锦精密工业(深圳)有限公司,富士康科技FG次集团,2000人以上,不需要融资,南山区,大数据分析工程师,3-5年,本科,16K-32K,"工作环境好,五险一金,年底双薪,发展平台大"
招商证券股份有限公司,招商证券信息技术中心,2000人以上,上市公司,南山区,数据分析中级经理（产品运营方向）,3-5年,本科,20k-35k,"数据分析,产品运营"
深圳光启超材料技术有限公司,光启集团,500-2000人,上市公司,南山区,大数据分析高级工程师,5-10年,本科,15k-30k,"人工智能,大数据,公共安全,上市公司"
深圳北斗应用技术研究院有限公司,北斗院,50-150人,未融资,南山区,大数据分析工程师,不限,本科,12k-17k,"餐费补贴,年度旅游,年度体检,带薪年假"
维沃移动通信有限公司,vivo,2000人以上,未融资,福田区,软件大数据分析工程师,1-3年,本科,20k-40k,"福利好,平台大,工作氛围赞,同事颜值高"
深圳共筑网络科技有限公司,共筑网科,15-50人,A轮,南山区,大数据分析工程师,3-5年,本科,10k-15k,"五险一金,固定双休,扁平化管理,年终奖金"
晨星资讯（深圳）有限公司,晨星Morningstar,2000人以上,上市公司,福田区,股票数据分析员,不限,本科,5k-7k,"五险一金,专业培训,年终奖金,弹性工作"
深圳市迷你玩科技有限公司,迷你玩,50-150人,B轮,南山区,大数据分析开发工程师,应届毕业生,大专,25k-50k,领导好
腾讯科技(深圳)有限公司,腾讯,2000人以上,上市公司,南山区,数据分析工程师（深圳）,1-3年,本科,15k-30k,"大平台,薪酬福利,职业发展"
深圳光启超材料技术有限公司,光启集团,500-2000人,上市公司,南山区,大数据分析高级工程师,3-5年,本科,15k-30k,"大数据,技术大牛多,人工智能,核心业务"
深圳就位网科技有限公司,就位网,15-50人,未融资,宝安区,大数据分析算法工程师,1-3年,本科,8k-12k,"大数据开发,算法工程师,数据挖掘,开发工程师"
深圳慧眼云信息技术有限公司,慧眼云,15-50人,天使轮,南山区,大数据分析SaaS系统架构师,3-5年,本科,15K-25K,初创公司，大数据，技术合伙人，股权或期权
卓世达科科技(深圳)有限公司,卓世达科,150-500人,不需要融资,南山区,SEO 用户数据分析,3-5年,本科,8k-12k,"五险一金,带薪年假,弹性工作"
招商银行股份有限公司,招商银行,2000人以上,上市公司,福田区,大数据分析岗（风险管理）,应届毕业生,本科,15k-20k,"发展空间大,岗位晋升"
腾讯科技(深圳)有限公司,腾讯,2000人以上,上市公司,南山区,25924-HY-数据分析开发工程师（深圳）,1-3年,本科,15k-30k,"五险一金,带薪休假,绩效奖金,扁平管理"
腾讯科技(深圳)有限公司,腾讯,2000人以上,上市公司,南山区,SNG_BI_高级数据分析师,3-5年,本科,20k-40k,"良好的氛围,机会多,业务范围广"
腾讯科技(深圳)有限公司,腾讯,2000人以上,上市公司,南山区,投资孵化中心大数据分析师（深圳）,3-5年,本科,15k-30k,"腾讯大平台,福利待遇佳"
腾讯科技(深圳)有限公司,腾讯,2000人以上,上市公司,南山区,微信搜索数据分析工程师,不限,本科,20k-40k,"技术大牛多,福利好"
腾讯科技(深圳)有限公司,腾讯,2000人以上,上市公司,南山区,HY2-高级数据分析开发工程师（深圳）,3-5年,本科,18k-30k,"五险一金,绩效奖金,带薪休假"
腾讯科技(深圳)有限公司,腾讯,2000人以上,上市公司,南山区,风控（海外）策略及数据分析工程师（深圳）,3-5年,硕士,25k-40k,"氛围和谐,福利齐全,长期激励,年度旅游"
腾讯科技(深圳)有限公司,腾讯,2000人以上,上市公司,南山区,18402-暗黑类手游数据分析和挖掘,3-5年,本科,15k-30k,"五险一金,带薪休假,绩效奖金,扁平管理"
腾讯科技(深圳)有限公司,腾讯,2000人以上,上市公司,南山区,18402-【侍魂】手游数据分析,3-5年,本科,15k-30k,"五险一金,带薪休假,绩效奖金,扁平管理"
腾讯科技(深圳)有限公司,腾讯,2000人以上,上市公司,南山区,移动游戏高级数据分析师,3-5年,本科,18k-30k,"绩效奖金,五险一金,带薪休假"
腾讯科技(深圳)有限公司,腾讯,2000人以上,上市公司,南山区,移动游戏高级数据分析师,3-5年,本科,18k-30k,"绩效奖金,五险一金,带薪休假"
腾讯科技(深圳)有限公司,腾讯,2000人以上,上市公司,南山区,18402-次世代高自由度MMORPG手游数据分析,1-3年,本科,15k-30k,"五险一金,带薪休假,绩效奖金,扁平管理"
腾讯科技(深圳)有限公司,腾讯,2000人以上,上市公司,南山区,21228-女性向游戏数据分析（深圳）,1-3年,本科,15k-30k,"免费班车,带薪年假,零食水果"
腾讯科技(深圳)有限公司,腾讯,2000人以上,上市公司,南山区,微信搜索推荐数据分析工程师（深圳）,3-5年,本科,20k-35k,"技术大牛多,福利好,工作氛围好"
腾讯科技(深圳)有限公司,腾讯,2000人以上,上市公司,南山区,腾讯-王者荣耀电竞市场数据分析（深圳）,3-5年,本科,15k-30k,"腾讯工作,环境一流,大牛带领,温馨文化"
腾讯科技(深圳)有限公司,腾讯,2000人以上,上市公司,南山区,SA-腾讯社交广告数据分析师 （深圳 ）,1-3年,本科,20k-30k,氛围好
腾讯科技(深圳)有限公司,腾讯,2000人以上,上市公司,南山区,SA-腾讯社交广告数据分析工程师（微信广告 深圳）,1-3年,本科,18k-36k,鹅厂福利
腾讯科技(深圳)有限公司,腾讯,2000人以上,上市公司,南山区,SA-腾讯社交广告数据分析工程师（微信广告方向）,1-3年,本科,18k-36k,"鹅厂福利,最多5个字,最多5个字,最多5个字"
腾讯科技(深圳)有限公司,腾讯,2000人以上,上市公司,南山区,23517-《仙侠类MMO》手游数据分析师,1-3年,本科,15k-30k,"五险一金,带薪休假,绩效奖金,扁平管理"
腾讯科技(深圳)有限公司,腾讯,2000人以上,上市公司,南山区,25926-用户画像大数据分析工程师（深圳）,1-3年,本科,15k-30k,"五险一金,带薪休假,绩效奖金,扁平管理"
深圳达飞金融控股有限公司,达飞金控,2000人以上,不需要融资,福田区,贷后高级数据分析师,1-3年,本科,10k-20k,绩效奖金，五险一金，节日福利
沃尔玛（中国）投资有限公司,Walmart China,2000人以上,上市公司,福田区,商业数据分析-经理,5-10年,本科,20k-30k,"企业文化,职业发展,薪酬福利,工作环境"
沃尔玛（中国）投资有限公司,Walmart China,2000人以上,上市公司,福田区,电商数据分析师,1-3年,本科,6k-7k,"五百强外资,工作氛围好,晋升渠道广"
顺丰科技有限公司,顺丰科技有限公司,500-2000人,不需要融资,南山区,00386-数据分析经理,3-5年,本科,15k-20k,核心产品
深圳市和讯华谷信息技术有限公司,极光,500-2000人,D轮及以上,南山区,高级数据分析师（广告业务）,3-5年,本科,14k-25k,"D轮+,14薪+,大数据平台,弹性工作"
深圳市和讯华谷信息技术有限公司,极光,500-2000人,D轮及以上,南山区,数据分析主管（广告业务）,3-5年,本科,20k-30k,"D轮+,14薪+,大数据平台,弹性工作"
深圳市中安信业创业投资有限公司,中安信业,2000人以上,不需要融资,福田区,数据分析主管（市场）,3-5年,本科,20k-25k,"公司平台大,发展前景好,福利待遇好,部门氛围好"
深圳达飞金融控股有限公司,达飞金控,2000人以上,不需要融资,罗湖区,数据分析（信审）,1-3年,本科,8k-15k,"数据挖掘,数据分析"
深圳市中安信业创业投资有限公司,中安信业,2000人以上,不需要融资,福田区,高级数据分析师（数据建模方向）,3-5年,本科,15k-25k,"平台成熟,发展空间广"
深圳市和讯华谷信息技术有限公司,极光,500-2000人,D轮及以上,南山区,高级数据分析师（金融APP方向）,3-5年,本科,15k-25k,"D轮+,大数据平台,14薪+,弹性工作"
深圳虾皮信息科技有限公司,Shopee,2000人以上,上市公司,南山区,BI数据分析师,3-5年,本科,15k-30k,"新加坡公司,东南亚电商,15天年假,大牛多"
广东欧珀移动通信有限公司,OPPO,2000人以上,不需要融资,南山区,高级广告数据分析师,3-5年,本科,20k-40k,核心事业群 千万级日活 氛围好 组织扁平
北京通力互联技术服务有限公司,通力互联,2000人以上,不需要融资,南山区,数据分析运营助理,1-3年,本科,6k-7k,"免费早晚餐,上市公司,年终奖,节日福利"
深圳达飞金融控股有限公司,达飞金控,2000人以上,不需要融资,福田区,数据分析经理（风控）,5-10年,本科,20k-35k,专业风控团队，发展平台大，节日福利
深圳依时货拉拉科技有限公司,货拉拉手机打车软件,500-2000人,C轮,福田区,数据分析专员（人力资源方向）(J10953),1-3年,本科,6k-9k,"年终奖,五险一金,下午茶,旅游"
腾讯科技(深圳)有限公司,腾讯,2000人以上,上市公司,南山区,19116-腾讯觅影数据分析高级产品经理（深圳）,3-5年,本科,15k-30k,"大平台,大咖多,大空间,前景广阔"
深圳市随手科技有限公司,随手科技,500-2000人,C轮,南山区,数据分析师（贷款营销方向）,1-3年,本科,8k-16k,"互联网金融,平台好,福利优厚,氛围好"
顺丰科技有限公司,顺丰科技有限公司,500-2000人,不需要融资,南山区,大数据分析工程师,3-5年,本科,15k-30k,"五险一金,员工旅游,弹性工作,项目奖金"
腾讯科技(深圳)有限公司,腾讯,2000人以上,上市公司,南山区,MIG07-安全大数据分析（深圳）,3-5年,本科,15k-30k,"免费班车,免费夜宵,优秀团队"
腾讯科技(深圳)有限公司,腾讯,2000人以上,上市公司,南山区,MIG07-安全大数据分析（深圳）,1-3年,本科,18k-36k,"大平台,新领域,大咖多"
